id,inspected_at,line_id,station_id,part_name,decision_code,reject_reason_code,part_ready_match_ratio,sticker_confidence,ocr_text,ocr_confidence,ocr_status,anchor_offset,pose_angle,detected_class,expected_class,template_version_id,push_status
304,2026-05-28T00:37:58.451782+00:00,Line-A,St-A,ADV160A,ACCEPT,,1.0,0.4206,,,anchor_not_found,,,K0W-HB0,K0W-HB0,105,sent
303,2026-05-28T00:28:35.354899+00:00,Line-A,St-A,ADV160A,ACCEPT,,1.0,0.4499,,,anchor_not_found,,,K0W-HB0,K0W-HB0,105,sent
302,2026-05-28T00:28:29.425954+00:00,Line-A,St-A,ADV160A,ACCEPT,,1.0,0.7,,,anchor_not_found,,,K0W-HB0,K0W-HB0,105,sent
301,2026-05-28T00:27:30.270115+00:00,Line-A,St-A,ADV160A,ACCEPT,,1.0,0.672,,,anchor_not_found,,,K0W-HB0,K0W-HB0,105,sent
300,2026-05-26T08:01:32.074763+00:00,Line-A,St-A,ADV160A,ACCEPT,,0.6125,0.8982,,,anchor_not_found,,,K0W-HB0,K0W-HB0,90,sent
299,2026-05-26T08:00:55.748766+00:00,Line-A,St-A,ADV160A,ACCEPT,,0.76412,0.8999,,,anchor_not_found,,,K0W-HB0,K0W-HB0,90,sent
298,2026-05-26T08:00:51.935602+00:00,Line-A,St-A,ADV160A,ACCEPT,,0.728704,0.9015,,,anchor_not_found,,,K0W-HB0,K0W-HB0,90,sent
297,2026-05-26T07:26:58.959227+00:00,Line-A,St-2,ACB160CBT,ACCEPT,,0.020255,0.6419,,,anchor_not_found,,,K2S-H30,K2S-H30,95,sent
296,2026-05-26T07:26:55.554268+00:00,Line-A,St-2,ACB160CBT,ACCEPT,,0.015625,0.8364,,,anchor_not_found,,,K2S-H30,K2S-H30,95,sent
295,2026-05-26T07:26:33.469218+00:00,Line-A,St-2,ACB160CBT,ACCEPT,,0.00081,0.542,,,anchor_not_found,,,K2S-H30,K2S-H30,95,sent
294,2026-05-26T07:26:17.827287+00:00,Line-A,St-2,ACB160CBT,ACCEPT,,0.008217,0.8629,,,anchor_not_found,,,K2S-H30,K2S-H30,95,sent
293,2026-05-26T07:19:28.755681+00:00,Line-A,St-A,ADV160A,ACCEPT,,0.248611,0.9173,,,anchor_not_found,,,K0W-HB0,K0W-HB0,90,sent
292,2026-05-26T07:19:24.503579+00:00,Line-A,St-A,ADV160A,ACCEPT,,0.281706,0.8806,,,anchor_not_found,,,K0W-HB0,K0W-HB0,90,sent
291,2026-04-07T00:00:00+00:00,LINE-A,ST-01,Part-A,ACCEPT,,0.93,0.81,,,,,,K0W-HB0,K0W-HB0,1,sent
290,2026-04-07T00:10:00+00:00,LINE-A,ST-01,Part-B,ACCEPT,,0.93,0.81,,,,,,K0W-HB0,K0W-HB0,1,sent
289,2026-04-07T00:00:00+00:00,LINE-A,ST-01,Part-A,ACCEPT,,0.93,0.81,,,,,,K0W-HB0,K0W-HB0,1,sent
288,2026-04-07T00:00:00+00:00,LINE-A,ST-01,Part-A,ACCEPT,,0.88,0.66,,,,,,K0W-HB0,K0W-HB0,1,sent
287,2026-04-07T00:00:00+00:00,LINE-A,ST-01,Part-A,ACCEPT,,0.93,0.81,,,,,,K0W-HB0,K0W-HB0,1,sent
286,2026-04-07T00:00:00+00:00,LINE-A,ST-01,Part-A,ACCEPT,,0.93,0.81,,,,,,K0W-HB0,K0W-HB0,1,sent
285,2026-04-07T00:00:00+00:00,LINE-A,ST-01,Part-A,ACCEPT,,0.93,0.81,,,,,,K0W-HB0,K0W-HB0,1,sent
284,2026-04-07T00:10:00+00:00,LINE-A,ST-01,Part-B,ACCEPT,,0.93,0.81,,,,,,K0W-HB0,K0W-HB0,1,sent
283,2026-04-07T00:00:00+00:00,LINE-A,ST-01,Part-A,ACCEPT,,0.93,0.81,,,,,,K0W-HB0,K0W-HB0,1,sent
282,2026-04-07T00:00:00+00:00,LINE-A,ST-01,Part-A,ACCEPT,,0.88,0.66,,,,,,K0W-HB0,K0W-HB0,1,sent
281,2026-04-07T00:00:00+00:00,LINE-A,ST-01,Part-A,ACCEPT,,0.93,0.81,,,,,,K0W-HB0,K0W-HB0,1,sent
280,2026-04-07T00:00:00+00:00,LINE-A,ST-01,Part-A,ACCEPT,,0.93,0.81,,,,,,K0W-HB0,K0W-HB0,1,sent
279,2026-05-20T01:55:22.490048+00:00,LINE-META,ST-META,Sample Part,ACCEPT,,,0.2922,,,disabled,,,sample-sticker,sample-sticker,1,local_only
278,2026-05-20T01:55:20.394831+00:00,LINE-CORR,ST-CORR,Sample Part,REJECT,OUT_OF_POSITION,,0.42,,,disabled,,,sample-sticker,sample-sticker,1,local_only
277,2026-05-20T01:55:19.091417+00:00,LINE-FILTER,ST-FILTER,Sample Part,ACCEPT,,,0.2922,,,disabled,,,sample-sticker,sample-sticker,1,local_only
276,2026-05-20T01:55:07.246848+00:00,LINE-B,ST-04B,Sample Part,ACCEPT,,,0.92,,,,,,sample-sticker,sample-sticker,44,local_only
275,2026-05-20T01:55:06.853326+00:00,LINE-B,ST-02,Sample Part,ACCEPT,,0.938056,0.7643,,,disabled,,,sample-sticker,sample-sticker,43,local_only
274,2026-05-20T01:55:06.742266+00:00,LINE-A,ST-01,Sample Part,ACCEPT,,,0.2922,,,disabled,,,sample-sticker,sample-sticker,1,local_only
273,2026-05-20T01:55:06.684870+00:00,LINE-A,ST-01,Sample Part,ACCEPT,,,0.2922,,,disabled,,,sample-sticker,sample-sticker,1,local_only
272,2026-05-20T01:55:06.555156+00:00,LINE-A,ST-01,Sample Part,ACCEPT,,,0.2922,,,disabled,,,sample-sticker,sample-sticker,1,local_only
271,2026-05-20T01:55:06.441578+00:00,LINE-A,ST-01,Sample Part,ACCEPT,,,0.2922,,,disabled,,,sample-sticker,sample-sticker,1,local_only
270,2026-04-07T00:00:00+00:00,LINE-A,ST-01,Part-A,ACCEPT,,0.93,0.81,,,,,,K0W-HB0,K0W-HB0,1,sent
269,2026-04-07T00:10:00+00:00,LINE-A,ST-01,Part-B,ACCEPT,,0.93,0.81,,,,,,K0W-HB0,K0W-HB0,1,sent
268,2026-04-07T00:00:00+00:00,LINE-A,ST-01,Part-A,ACCEPT,,0.93,0.81,,,,,,K0W-HB0,K0W-HB0,1,sent
267,2026-04-07T00:00:00+00:00,LINE-A,ST-01,Part-A,ACCEPT,,0.88,0.66,,,,,,K0W-HB0,K0W-HB0,1,sent
266,2026-04-07T00:00:00+00:00,LINE-A,ST-01,Part-A,ACCEPT,,0.93,0.81,,,,,,K0W-HB0,K0W-HB0,1,sent
265,2026-04-07T00:00:00+00:00,LINE-A,ST-01,Part-A,ACCEPT,,0.93,0.81,,,,,,K0W-HB0,K0W-HB0,1,sent
264,2026-04-07T00:00:00+00:00,LINE-A,ST-01,Part-A,ACCEPT,,0.93,0.81,,,,,,K0W-HB0,K0W-HB0,1,sent
263,2026-04-07T00:10:00+00:00,LINE-A,ST-01,Part-B,ACCEPT,,0.93,0.81,,,,,,K0W-HB0,K0W-HB0,1,sent
262,2026-04-07T00:00:00+00:00,LINE-A,ST-01,Part-A,ACCEPT,,0.93,0.81,,,,,,K0W-HB0,K0W-HB0,1,sent
261,2026-04-07T00:00:00+00:00,LINE-A,ST-01,Part-A,ACCEPT,,0.88,0.66,,,,,,K0W-HB0,K0W-HB0,1,sent
260,2026-04-07T00:00:00+00:00,LINE-A,ST-01,Part-A,ACCEPT,,0.93,0.81,,,,,,K0W-HB0,K0W-HB0,1,sent
259,2026-04-07T00:00:00+00:00,LINE-A,ST-01,Part-A,ACCEPT,,0.93,0.81,,,,,,K0W-HB0,K0W-HB0,1,sent
258,2026-04-07T00:00:00+00:00,LINE-A,ST-01,Part-A,ACCEPT,,0.93,0.81,,,,,,K0W-HB0,K0W-HB0,1,sent
257,2026-04-07T00:10:00+00:00,LINE-A,ST-01,Part-B,ACCEPT,,0.93,0.81,,,,,,K0W-HB0,K0W-HB0,1,sent
256,2026-04-07T00:00:00+00:00,LINE-A,ST-01,Part-A,ACCEPT,,0.93,0.81,,,,,,K0W-HB0,K0W-HB0,1,sent
255,2026-04-07T00:00:00+00:00,LINE-A,ST-01,Part-A,ACCEPT,,0.88,0.66,,,,,,K0W-HB0,K0W-HB0,1,sent
254,2026-04-07T00:00:00+00:00,LINE-A,ST-01,Part-A,ACCEPT,,0.93,0.81,,,,,,K0W-HB0,K0W-HB0,1,sent
253,2026-04-07T00:00:00+00:00,LINE-A,ST-01,Part-A,ACCEPT,,0.93,0.81,,,,,,K0W-HB0,K0W-HB0,1,sent
252,2026-04-24T01:13:01.496242+00:00,LINE-A,ST-01,Sample Part,ACCEPT,,,0.2922,,,,,,sample-sticker,sample-sticker,1,local_only
251,2026-04-24T01:13:01.346837+00:00,LINE-A,ST-01,Sample Part,ACCEPT,,,0.2922,,,,,,sample-sticker,sample-sticker,1,local_only
250,2026-04-24T01:11:25.742040+00:00,LINE-REJECT,ST-REJECT,Reject Log Part,ACCEPT,,,0.2332,,,,,,SHOULD_REJECT,SHOULD_REJECT,40,local_only
249,2026-04-24T01:11:25.486194+00:00,LINE-A,ST-01,Sample Part,ACCEPT,,,0.2922,,,,,,sample-sticker,sample-sticker,1,local_only
248,2026-04-24T01:11:25.369994+00:00,LINE-A,ST-01,Sample Part,ACCEPT,,,0.2922,,,,,,sample-sticker,sample-sticker,1,local_only
247,2026-04-24T01:10:08.212977+00:00,LINE-REJECT,ST-REJECT,Reject Log Part,ACCEPT,,,0.2332,,,,,,SHOULD_REJECT,SHOULD_REJECT,39,local_only
246,2026-04-24T01:10:07.963450+00:00,LINE-A,ST-01,Sample Part,ACCEPT,,,0.2922,,,,,,sample-sticker,sample-sticker,1,local_only
245,2026-04-24T01:10:07.820873+00:00,LINE-A,ST-01,Sample Part,ACCEPT,,,0.2922,,,,,,sample-sticker,sample-sticker,1,local_only
244,2026-04-24T01:09:41.312816+00:00,LINE-REJECT,ST-REJECT,Reject Log Part,ACCEPT,,,0.2332,,,,,,SHOULD_REJECT,SHOULD_REJECT,38,local_only
243,2026-04-24T01:09:41.066731+00:00,LINE-A,ST-01,Sample Part,ACCEPT,,,0.2922,,,,,,sample-sticker,sample-sticker,1,local_only
242,2026-04-24T01:09:40.871431+00:00,LINE-A,ST-01,Sample Part,ACCEPT,,,0.2922,,,,,,sample-sticker,sample-sticker,1,local_only
241,2026-04-20T08:42:23.175279+00:00,1,1,K12-H30,REJECT,NOT_FOUND,0.99987,,,,,,,,K12-H30,36,local_only
240,2026-04-20T08:41:21.782635+00:00,1,1,K12-H30,REJECT,NOT_FOUND,1.0,,,,,,,,K12-H30,36,local_only
239,2026-04-20T08:41:15.765058+00:00,1,1,K12-H30,REJECT,NOT_FOUND,1.0,,,,,,,,K12-H30,36,local_only
238,2026-04-20T08:41:10.738504+00:00,1,1,K12-H30,REJECT,NOT_FOUND,1.0,,,,,,,,K12-H30,36,local_only
237,2026-04-20T08:41:07.966404+00:00,1,1,K12-H30,REJECT,NOT_FOUND,1.0,,,,,,,,K12-H30,36,local_only
236,2026-04-20T08:41:01.435151+00:00,1,1,K12-H30,REJECT,NOT_FOUND,1.0,,,,,,,,K12-H30,36,local_only
235,2026-04-20T08:40:56.418806+00:00,1,1,K12-H30,REJECT,WRONG_TYPE,1.0,0.8401,,,,,,K0W-HB0,K12-H30,36,local_only
234,2026-04-20T08:40:55.193917+00:00,1,1,K12-H30,REJECT,NOT_FOUND,1.0,,,,,,,,K12-H30,36,local_only
233,2026-04-20T08:40:53.149979+00:00,1,1,K12-H30,REJECT,NOT_FOUND,1.0,,,,,,,,K12-H30,36,local_only
232,2026-04-20T08:40:21.936643+00:00,1,1,K12-H30,REJECT,NOT_FOUND,0.99082,,,,,,,,K12-H30,36,local_only
231,2026-04-20T08:40:14.896442+00:00,1,1,K12-H30,REJECT,NOT_FOUND,0.998112,,,,,,,,K12-H30,36,local_only
230,2026-04-20T08:40:11.142723+00:00,1,1,K12-H30,REJECT,NOT_FOUND,0.999935,,,,,,,,K12-H30,36,local_only
229,2026-04-20T08:40:08.610914+00:00,1,1,K12-H30,REJECT,NOT_FOUND,1.0,,,,,,,,K12-H30,36,local_only
228,2026-04-20T08:40:04.660811+00:00,1,1,K12-H30,REJECT,NOT_FOUND,0.99987,,,,,,,,K12-H30,36,local_only
227,2026-04-20T08:40:02.129503+00:00,1,1,K12-H30,REJECT,NOT_FOUND,1.0,,,,,,,,K12-H30,36,local_only
226,2026-04-20T08:39:59.649518+00:00,1,1,K12-H30,REJECT,NOT_FOUND,0.99987,,,,,,,,K12-H30,36,local_only
225,2026-04-20T08:39:48.111810+00:00,1,1,K12-H30,REJECT,NOT_FOUND,0.999935,,,,,,,,K12-H30,36,local_only
224,2026-04-20T08:39:12.849133+00:00,1,1,K1Z-FA0,REJECT,NOT_FOUND,0.999805,,,,,,,,K1Z-FA0,35,local_only
223,2026-04-20T08:39:00.807085+00:00,1,1,K1Z-FA0,REJECT,NOT_FOUND,0.999935,,,,,,,,K1Z-FA0,35,local_only
222,2026-04-20T08:38:58.826603+00:00,1,1,K1Z-FA0,REJECT,NOT_FOUND,0.999739,,,,,,,,K1Z-FA0,35,local_only
221,2026-04-20T08:38:55.533911+00:00,1,1,K1Z-FA0,REJECT,NOT_FOUND,1.0,,,,,,,,K1Z-FA0,35,local_only
220,2026-04-20T08:38:48.504878+00:00,1,1,K1Z-FA0,REJECT,NOT_FOUND,0.896159,,,,,,,,K1Z-FA0,35,local_only
219,2026-04-20T08:38:45.772401+00:00,1,1,K1Z-FA0,REJECT,OUT_OF_POSITION,0.994662,0.8171,,,,,,K1Z-FA0,K1Z-FA0,35,local_only
218,2026-04-20T08:38:12.169073+00:00,1,1,K1Z-FA0,REJECT,NOT_FOUND,0.999414,,,,,,,,K1Z-FA0,35,local_only
217,2026-04-20T08:37:58.864323+00:00,1,1,K1Z-FA0,REJECT,OUT_OF_POSITION,0.994401,0.8979,,,,,,K1Z-FA0,K1Z-FA0,35,local_only
216,2026-04-20T08:36:10.794915+00:00,LINE-K0W-HB0,1,K0W-HB0,REJECT,NOT_FOUND,0.994271,,,,,,,,K0W-HB0,33,local_only
215,2026-04-20T08:35:50.806265+00:00,LINE-K0W-HB0,1,K0W-HB0,REJECT,NOT_FOUND,0.968685,,,,,,,,K0W-HB0,33,local_only
214,2026-04-20T08:35:19.760542+00:00,LINE-K0W-HB0,1,K0W-HB0,REJECT,NOT_FOUND,1.0,,,,,,,,K0W-HB0,33,local_only
213,2026-04-20T08:34:42.731327+00:00,LINE-K0W-HB0,1,K0W-HB0,REJECT,NOT_FOUND,0.99987,,,,,,,,K0W-HB0,33,local_only
212,2026-04-20T08:33:27.646424+00:00,LINE-K0W-HB0,1,K0W-HB0,REJECT,NOT_FOUND,1.0,,,,,,,,K0W-HB0,33,local_only
211,2026-04-20T02:56:33.398483+00:00,LINE-K0W-HB0,1,K0W-HB0,REJECT,NOT_FOUND,1.0,,,,,,,,K0W-HB0,27,local_only
210,2026-04-20T02:55:49.380889+00:00,LINE-K0W-HB0,1,K0W-HB0,REJECT,NOT_FOUND,1.0,,,,,,,,K0W-HB0,27,local_only
209,2026-04-20T02:55:25.370304+00:00,LINE-K0W-HB0,1,K0W-HB0,REJECT,NOT_FOUND,1.0,,,,,,,,K0W-HB0,27,local_only
208,2026-04-20T02:12:40.704375+00:00,LINE-K0W-HB0,1,K0W-HB0,REJECT,NOT_FOUND,1.0,,,,,,,,K0W-HB0,24,local_only
207,2026-04-20T02:12:15.979191+00:00,LINE-K0W-HB0,1,K0W-HB0,REJECT,NOT_FOUND,1.0,,,,,,,,K0W-HB0,24,local_only
206,2026-04-20T02:11:46.330112+00:00,LINE-K0W-HB0,1,K0W-HB0,REJECT,NOT_FOUND,1.0,,,,,,,,K0W-HB0,24,local_only
205,2026-04-20T02:11:10.400539+00:00,LINE-K0W-HB0,1,K0W-HB0,REJECT,NOT_FOUND,1.0,,,,,,,,K0W-HB0,24,local_only
204,2026-04-20T02:10:28.533873+00:00,LINE-K0W-HB0,1,K0W-HB0,REJECT,NOT_FOUND,1.0,,,,,,,,K0W-HB0,24,local_only
203,2026-04-20T00:01:57.980941+00:00,LINE-K0W-HB0,1,K0W-HB0,REJECT,NOT_FOUND,0.999609,,,,,,,,K0W-HB0,24,local_only
202,2026-04-20T00:01:31.925074+00:00,LINE-K0W-HB0,1,K0W-HB0,REJECT,NOT_FOUND,1.0,,,,,,,,K0W-HB0,24,local_only
201,2026-04-20T00:00:41.314088+00:00,LINE-K0W-HB0,1,K0W-HB0,REJECT,NOT_FOUND,1.0,,,,,,,,K0W-HB0,24,local_only
200,2026-04-17T02:17:45.070206+00:00,LINE-K0W-HB0,1,K0W-HB0,REJECT,WRONG_TYPE,1.0,0.8009,,,,,,K2S-H30,K0W-HB0,24,sent
199,2026-04-17T02:16:53.218051+00:00,LINE-K0W-HB0,1,K0W-HB0,REJECT,NOT_FOUND,1.0,,,,,,,,K0W-HB0,24,sent
198,2026-04-17T00:18:17.380152+00:00,LINE-K0W-HB0,1,K0W-HB0,REJECT,NOT_FOUND,0.839909,,,,,,,,K0W-HB0,21,sent
197,2026-04-17T00:18:08.461935+00:00,LINE-K0W-HB0,1,K0W-HB0,REJECT,WRONG_TYPE,0.993034,0.8225,,,,,,K2S-H30,K0W-HB0,21,sent
196,2026-04-17T00:18:07.039265+00:00,LINE-K0W-HB0,1,K0W-HB0,REJECT,NOT_FOUND,0.993099,,,,,,,,K0W-HB0,21,sent
195,2026-04-17T00:18:05.409143+00:00,LINE-K0W-HB0,1,K0W-HB0,REJECT,WRONG_TYPE,0.992969,0.8259,,,,,,K2S-H30,K0W-HB0,21,sent
194,2026-04-17T00:18:04.640038+00:00,LINE-K0W-HB0,1,K0W-HB0,REJECT,NOT_FOUND,0.992708,,,,,,,,K0W-HB0,21,sent
193,2026-04-17T00:18:03.814680+00:00,LINE-K0W-HB0,1,K0W-HB0,REJECT,WRONG_TYPE,0.992448,0.8006,,,,,,K2S-H30,K0W-HB0,21,sent
192,2026-04-17T00:18:02.382293+00:00,LINE-K0W-HB0,1,K0W-HB0,REJECT,NOT_FOUND,0.991211,,,,,,,,K0W-HB0,21,sent
191,2026-04-17T00:18:01.516836+00:00,LINE-K0W-HB0,1,K0W-HB0,REJECT,WRONG_TYPE,0.989128,0.8104,,,,,,K2S-H30,K0W-HB0,21,sent
190,2026-04-17T00:17:37.676508+00:00,LINE-K0W-HB0,1,K0W-HB0,REJECT,NOT_FOUND,0.992644,,,,,,,,K0W-HB0,21,sent
189,2026-04-17T00:17:36.183658+00:00,LINE-K0W-HB0,1,K0W-HB0,REJECT,WRONG_TYPE,0.992513,0.8284,,,,,,K2S-H30,K0W-HB0,21,sent
188,2026-04-17T00:17:33.826878+00:00,LINE-K0W-HB0,1,K0W-HB0,REJECT,NOT_FOUND,0.993099,,,,,,,,K0W-HB0,21,sent
187,2026-04-17T00:17:32.343873+00:00,LINE-K0W-HB0,1,K0W-HB0,REJECT,WRONG_TYPE,0.993164,0.8265,,,,,,K2S-H30,K0W-HB0,21,sent
186,2026-04-17T00:17:30.284300+00:00,LINE-K0W-HB0,1,K0W-HB0,REJECT,NOT_FOUND,0.99375,,,,,,,,K0W-HB0,21,sent
185,2026-04-17T00:17:29.440094+00:00,LINE-K0W-HB0,1,K0W-HB0,REJECT,WRONG_TYPE,0.99375,0.8162,,,,,,K2S-H30,K0W-HB0,21,sent
184,2026-04-17T00:17:28.042061+00:00,LINE-K0W-HB0,1,K0W-HB0,REJECT,NOT_FOUND,0.99401,,,,,,,,K0W-HB0,21,sent
183,2026-04-17T00:17:27.232534+00:00,LINE-K0W-HB0,1,K0W-HB0,REJECT,WRONG_TYPE,0.993815,0.8169,,,,,,K2S-H30,K0W-HB0,21,sent
182,2026-04-17T00:17:24.680285+00:00,LINE-K0W-HB0,1,K0W-HB0,REJECT,NOT_FOUND,0.992969,,,,,,,,K0W-HB0,21,sent
181,2026-04-17T00:17:21.646430+00:00,LINE-K0W-HB0,1,K0W-HB0,REJECT,WRONG_TYPE,0.995052,0.8136,,,,,,K2S-H30,K0W-HB0,21,sent
180,2026-04-15T23:54:40.004567+00:00,LINE-K0W-HB0,1,K0W-HB0,REJECT,OUT_OF_POSITION,1.0,0.8065,,,,,,K0W-HB0,K0W-HB0,21,sent
179,2026-04-15T23:54:36.419608+00:00,LINE-K0W-HB0,1,K0W-HB0,REJECT,NOT_FOUND,1.0,,,,,,,,K0W-HB0,21,sent
178,2026-04-15T23:54:32.045137+00:00,LINE-K0W-HB0,1,K0W-HB0,REJECT,OUT_OF_POSITION,1.0,0.8012,,,,,,K0W-HB0,K0W-HB0,21,sent
177,2026-04-15T23:54:29.004879+00:00,LINE-K0W-HB0,1,K0W-HB0,REJECT,NOT_FOUND,0.999935,,,,,,,,K0W-HB0,21,sent
176,2026-04-15T23:54:27.461383+00:00,LINE-K0W-HB0,1,K0W-HB0,REJECT,WRONG_TYPE,1.0,0.8087,,,,,,K2S-H30,K0W-HB0,21,sent
175,2026-04-15T23:54:18.337645+00:00,LINE-K0W-HB0,1,K0W-HB0,REJECT,NOT_FOUND,0.980859,,,,,,,,K0W-HB0,21,sent
174,2026-04-15T23:54:16.969218+00:00,LINE-K0W-HB0,1,K0W-HB0,REJECT,WRONG_TYPE,0.981966,0.8051,,,,,,K2S-H30,K0W-HB0,21,sent
173,2026-04-15T23:54:16.227916+00:00,LINE-K0W-HB0,1,K0W-HB0,REJECT,NOT_FOUND,0.983398,,,,,,,,K0W-HB0,21,sent
172,2026-04-15T23:54:15.266265+00:00,LINE-K0W-HB0,1,K0W-HB0,REJECT,WRONG_TYPE,0.982812,0.8003,,,,,,K2S-H30,K0W-HB0,21,sent
171,2026-04-15T23:53:47.889128+00:00,LINE-K0W-HB0,1,K0W-HB0,REJECT,NOT_FOUND,0.991862,,,,,,,,K0W-HB0,21,sent
170,2026-04-15T08:26:07.768290+00:00,LINE-K0W-HB0,1,K0W-HB0,REJECT,NOT_FOUND,1.0,,,,,,,,K0W-HB0,20,sent
169,2026-04-15T08:26:06.918688+00:00,LINE-K0W-HB0,1,K0W-HB0,REJECT,WRONG_TYPE,1.0,0.8415,,,,,,K1Z-FA0,K0W-HB0,20,sent
168,2026-04-15T08:26:02.413306+00:00,LINE-K0W-HB0,1,K0W-HB0,REJECT,NOT_FOUND,1.0,,,,,,,,K0W-HB0,20,sent
167,2026-04-15T08:26:01.593623+00:00,LINE-K0W-HB0,1,K0W-HB0,REJECT,WRONG_TYPE,1.0,0.8358,,,,,,K1Z-FA0,K0W-HB0,20,sent
166,2026-04-15T08:26:00.203749+00:00,LINE-K0W-HB0,1,K0W-HB0,REJECT,NOT_FOUND,0.918555,,,,,,,,K0W-HB0,20,sent
165,2026-04-15T08:25:59.368488+00:00,LINE-K0W-HB0,1,K0W-HB0,REJECT,WRONG_TYPE,0.907552,0.8128,,,,,,K1Z-FA0,K0W-HB0,20,sent
164,2026-04-15T08:25:50.107670+00:00,LINE-K0W-HB0,1,K0W-HB0,REJECT,NOT_FOUND,0.896094,,,,,,,,K0W-HB0,20,sent
163,2026-04-15T08:25:42.738275+00:00,LINE-K0W-HB0,1,K0W-HB0,REJECT,NOT_FOUND,0.999935,,,,,,,,K0W-HB0,20,sent
162,2026-04-15T08:25:39.836853+00:00,LINE-K0W-HB0,1,K0W-HB0,REJECT,WRONG_TYPE,0.999739,0.8132,,,,,,K2S-H30,K0W-HB0,20,sent
161,2026-04-15T08:25:39.043954+00:00,LINE-K0W-HB0,1,K0W-HB0,REJECT,NOT_FOUND,0.999674,,,,,,,,K0W-HB0,20,sent
160,2026-04-15T08:25:36.733923+00:00,LINE-K0W-HB0,1,K0W-HB0,REJECT,WRONG_TYPE,0.999479,0.8026,,,,,,K2S-H30,K0W-HB0,20,sent
159,2026-04-15T08:25:35.946404+00:00,LINE-K0W-HB0,1,K0W-HB0,REJECT,NOT_FOUND,0.999544,,,,,,,,K0W-HB0,20,sent
158,2026-04-15T08:25:34.044215+00:00,LINE-K0W-HB0,1,K0W-HB0,REJECT,WRONG_TYPE,0.999349,0.8009,,,,,,K2S-H30,K0W-HB0,20,sent
157,2026-04-15T08:25:32.160209+00:00,LINE-K0W-HB0,1,K0W-HB0,REJECT,NOT_FOUND,0.999479,,,,,,,,K0W-HB0,20,sent
156,2026-04-15T08:25:24.359707+00:00,LINE-K0W-HB0,1,K0W-HB0,REJECT,WRONG_TYPE,0.999088,0.8373,,,,,,K2S-H30,K0W-HB0,20,sent
155,2026-04-15T08:25:15.556565+00:00,LINE-K0W-HB0,1,K0W-HB0,REJECT,NOT_FOUND,0.935807,,,,,,,,K0W-HB0,20,sent
154,2026-04-15T08:25:06.723644+00:00,LINE-K0W-HB0,1,K0W-HB0,REJECT,WRONG_TYPE,0.999805,0.8175,,,,,,K2S-H30,K0W-HB0,20,sent
153,2026-04-15T08:24:54.057401+00:00,LINE-K0W-HB0,1,K0W-HB0,REJECT,NOT_FOUND,0.999935,,,,,,,,K0W-HB0,20,sent
152,2026-04-15T08:24:53.355940+00:00,LINE-K0W-HB0,1,K0W-HB0,REJECT,WRONG_TYPE,1.0,0.8146,,,,,,K2S-H30,K0W-HB0,20,sent
151,2026-04-15T08:24:52.581818+00:00,LINE-K0W-HB0,1,K0W-HB0,REJECT,NOT_FOUND,1.0,,,,,,,,K0W-HB0,20,sent
150,2026-04-15T08:24:51.257079+00:00,LINE-K0W-HB0,1,K0W-HB0,REJECT,WRONG_TYPE,1.0,0.8113,,,,,,K2S-H30,K0W-HB0,20,sent
149,2026-04-15T08:24:50.525428+00:00,LINE-K0W-HB0,1,K0W-HB0,REJECT,NOT_FOUND,1.0,,,,,,,,K0W-HB0,20,sent
148,2026-04-15T08:24:49.399106+00:00,LINE-K0W-HB0,1,K0W-HB0,REJECT,WRONG_TYPE,1.0,0.8162,,,,,,K2S-H30,K0W-HB0,20,sent
147,2026-04-15T08:24:26.196864+00:00,LINE-K0W-HB0,1,K0W-HB0,REJECT,NOT_FOUND,1.0,,,,,,,,K0W-HB0,20,sent
146,2026-04-15T07:54:48.217728+00:00,LINE-K0W-HB0,1,K0W-HB0,REJECT,NOT_FOUND,1.0,,,,,,,,K0W-HB0,19,sent
145,2026-04-15T07:25:35.134709+00:00,LINE-K0W-HB0,1,K0W-HB0,REJECT,NOT_FOUND,0.93125,,,,,,,,K0W-HB0,19,sent
144,2026-04-15T07:24:56.683773+00:00,LINE-K0W-HB0,1,K0W-HB0,REJECT,NOT_FOUND,1.0,,,,,,,,K0W-HB0,19,sent
143,2026-04-15T07:23:36.424110+00:00,LINE-K0W-HB0,1,K0W-HB0,REJECT,NOT_FOUND,0.941927,,,,,,,,K0W-HB0,18,sent
142,2026-04-15T07:23:29.677023+00:00,LINE-K0W-HB0,1,K0W-HB0,REJECT,NOT_FOUND,0.930729,,,,,,,,K0W-HB0,18,sent
141,2026-04-15T07:23:19.701173+00:00,LINE-K0W-HB0,1,K0W-HB0,REJECT,WRONG_TYPE,1.0,0.8371,,,,,,K2S-H30,K0W-HB0,18,sent
140,2026-04-15T07:23:17.317819+00:00,LINE-K0W-HB0,1,K0W-HB0,REJECT,NOT_FOUND,1.0,,,,,,,,K0W-HB0,18,sent
139,2026-04-15T07:23:16.554480+00:00,LINE-K0W-HB0,1,K0W-HB0,REJECT,WRONG_TYPE,1.0,0.8239,,,,,,K2S-H30,K0W-HB0,18,sent
138,2026-04-15T07:23:14.709811+00:00,LINE-K0W-HB0,1,K0W-HB0,REJECT,NOT_FOUND,1.0,,,,,,,,K0W-HB0,18,sent
137,2026-04-15T07:23:13.754937+00:00,LINE-K0W-HB0,1,K0W-HB0,REJECT,WRONG_TYPE,1.0,0.83,,,,,,K2S-H30,K0W-HB0,18,sent
136,2026-04-15T07:23:12.493213+00:00,LINE-K0W-HB0,1,K0W-HB0,REJECT,NOT_FOUND,1.0,,,,,,,,K0W-HB0,18,sent
135,2026-04-15T07:23:11.231121+00:00,LINE-K0W-HB0,1,K0W-HB0,REJECT,WRONG_TYPE,1.0,0.8246,,,,,,K2S-H30,K0W-HB0,18,sent
134,2026-04-15T07:23:09.994660+00:00,LINE-K0W-HB0,1,K0W-HB0,REJECT,NOT_FOUND,0.99974,,,,,,,,K0W-HB0,18,sent
133,2026-04-15T07:23:07.355035+00:00,LINE-K0W-HB0,1,K0W-HB0,REJECT,WRONG_TYPE,0.999349,0.8076,,,,,,K2S-H30,K0W-HB0,18,sent
132,2026-04-15T07:23:06.686592+00:00,LINE-K0W-HB0,1,K0W-HB0,REJECT,NOT_FOUND,0.999349,,,,,,,,K0W-HB0,18,sent
131,2026-04-15T07:22:58.777885+00:00,LINE-K0W-HB0,1,K0W-HB0,REJECT,WRONG_TYPE,0.999544,0.8157,,,,,,K2S-H30,K0W-HB0,18,sent
130,2026-04-15T07:22:57.507223+00:00,LINE-K0W-HB0,1,K0W-HB0,REJECT,NOT_FOUND,0.999804,,,,,,,,K0W-HB0,18,sent
129,2026-04-15T07:22:55.509253+00:00,LINE-K0W-HB0,1,K0W-HB0,REJECT,WRONG_TYPE,1.0,0.8325,,,,,,K2S-H30,K0W-HB0,18,sent
128,2026-04-15T07:22:41.402791+00:00,LINE-K0W-HB0,1,K0W-HB0,REJECT,NOT_FOUND,1.0,,,,,,,,K0W-HB0,18,sent
127,2026-04-15T06:32:39.505381+00:00,LINE-K0W-HB0,1,K0W-HB0,REJECT,NOT_FOUND,1.0,,,,,,,,K0W-HB0,16,sent
126,2026-04-15T06:32:38.551890+00:00,LINE-K0W-HB0,1,K0W-HB0,REJECT,NOT_FOUND,1.0,,,,,,,,K0W-HB0,16,sent
125,2026-04-15T04:57:28.156878+00:00,LINE-K0W-HB0,1,K0W-HB0,REJECT,NOT_FOUND,1.0,,,,,,,,K0W-HB0,16,sent
124,2026-04-14T07:09:05.450153+00:00,LINE-A,ST-01,Sample Part,ACCEPT,,,0.2922,,,,,,sample-sticker,sample-sticker,1,local_only
123,2026-04-14T07:07:31.354816+00:00,LINE-A,ST-01,Sample Part,ACCEPT,,,0.2922,,,,,,sample-sticker,sample-sticker,1,local_only
122,2026-04-13T02:04:29.233939+00:00,LINE-K0W-HB0,1,K0W-HB0,REJECT,NOT_FOUND,1.0,,,,,,,,K0W-HB0,14,sent
121,2026-04-13T02:04:26.943193+00:00,LINE-K0W-HB0,1,K0W-HB0,REJECT,WRONG_TYPE,1.0,0.833,,,,,,K2S-H30,K0W-HB0,14,sent
120,2026-04-13T02:04:25.824427+00:00,LINE-K0W-HB0,1,K0W-HB0,REJECT,NOT_FOUND,1.0,,,,,,,,K0W-HB0,14,sent
119,2026-04-13T02:04:22.647517+00:00,LINE-K0W-HB0,1,K0W-HB0,REJECT,WRONG_TYPE,1.0,0.8293,,,,,,K2S-H30,K0W-HB0,14,sent
118,2026-04-13T02:04:19.579516+00:00,LINE-K0W-HB0,1,K0W-HB0,REJECT,NOT_FOUND,1.0,,,,,,,,K0W-HB0,14,sent
117,2026-04-13T02:04:18.479084+00:00,LINE-K0W-HB0,1,K0W-HB0,REJECT,WRONG_TYPE,1.0,0.8261,,,,,,K2S-H30,K0W-HB0,14,sent
116,2026-04-13T02:04:11.447253+00:00,LINE-K0W-HB0,1,K0W-HB0,REJECT,NOT_FOUND,1.0,,,,,,,,K0W-HB0,14,sent
115,2026-04-13T02:04:08.196677+00:00,LINE-K0W-HB0,1,K0W-HB0,REJECT,WRONG_TYPE,1.0,0.8437,,,,,,K2S-H30,K0W-HB0,14,sent
114,2026-04-13T02:04:05.079606+00:00,LINE-K0W-HB0,1,K0W-HB0,REJECT,NOT_FOUND,1.0,,,,,,,,K0W-HB0,14,sent
113,2026-04-13T02:04:03.994513+00:00,LINE-K0W-HB0,1,K0W-HB0,REJECT,WRONG_TYPE,1.0,0.8497,,,,,,K2S-H30,K0W-HB0,14,sent
112,2026-04-13T02:04:01.919240+00:00,LINE-K0W-HB0,1,K0W-HB0,REJECT,NOT_FOUND,1.0,,,,,,,,K0W-HB0,14,sent
111,2026-04-13T02:04:00.816654+00:00,LINE-K0W-HB0,1,K0W-HB0,REJECT,WRONG_TYPE,1.0,0.8175,,,,,,K2S-H30,K0W-HB0,14,sent
110,2026-04-13T02:03:59.745157+00:00,LINE-K0W-HB0,1,K0W-HB0,REJECT,NOT_FOUND,1.0,,,,,,,,K0W-HB0,14,sent
109,2026-04-13T02:03:58.638781+00:00,LINE-K0W-HB0,1,K0W-HB0,REJECT,WRONG_TYPE,1.0,0.8123,,,,,,K2S-H30,K0W-HB0,14,sent
108,2026-04-13T02:03:56.498180+00:00,LINE-K0W-HB0,1,K0W-HB0,REJECT,NOT_FOUND,1.0,,,,,,,,K0W-HB0,14,sent
107,2026-04-13T02:03:55.433200+00:00,LINE-K0W-HB0,1,K0W-HB0,REJECT,WRONG_TYPE,1.0,0.8335,,,,,,K2S-H30,K0W-HB0,14,sent
106,2026-04-13T02:03:43.262744+00:00,LINE-K0W-HB0,1,K0W-HB0,REJECT,NOT_FOUND,0.999805,,,,,,,,K0W-HB0,14,sent
105,2026-04-13T02:03:42.157151+00:00,LINE-K0W-HB0,1,K0W-HB0,REJECT,WRONG_TYPE,0.999805,0.824,,,,,,K2S-H30,K0W-HB0,14,sent
104,2026-04-13T02:03:35.883184+00:00,LINE-K0W-HB0,1,K0W-HB0,REJECT,NOT_FOUND,0.964844,,,,,,,,K0W-HB0,14,sent
103,2026-04-13T02:03:34.802203+00:00,LINE-K0W-HB0,1,K0W-HB0,REJECT,WRONG_TYPE,0.814844,0.8301,,,,,,K2S-H30,K0W-HB0,14,sent
102,2026-04-13T02:03:27.805993+00:00,LINE-K0W-HB0,1,K0W-HB0,REJECT,NOT_FOUND,1.0,,,,,,,,K0W-HB0,14,sent
101,2026-04-13T02:03:26.722804+00:00,LINE-K0W-HB0,1,K0W-HB0,REJECT,WRONG_TYPE,1.0,0.8313,,,,,,K1Z-FA0,K0W-HB0,14,sent
100,2026-04-13T02:03:25.658129+00:00,LINE-K0W-HB0,1,K0W-HB0,REJECT,NOT_FOUND,1.0,,,,,,,,K0W-HB0,14,sent
99,2026-04-13T02:03:23.153702+00:00,LINE-K0W-HB0,1,K0W-HB0,REJECT,WRONG_TYPE,1.0,0.8378,,,,,,K1Z-FA0,K0W-HB0,14,sent
98,2026-04-13T02:03:21.071733+00:00,LINE-K0W-HB0,1,K0W-HB0,REJECT,NOT_FOUND,1.0,,,,,,,,K0W-HB0,14,sent
97,2026-04-13T02:03:18.890236+00:00,LINE-K0W-HB0,1,K0W-HB0,REJECT,WRONG_TYPE,1.0,0.8255,,,,,,K1Z-FA0,K0W-HB0,14,sent
96,2026-04-13T01:50:55.057048+00:00,1,1,K0W-HB0,REJECT,WRONG_TYPE,0.999566,0.9333,,,,,,K2S-H30,K0W-HB0,13,sent
95,2026-04-13T01:50:35.758424+00:00,1,1,K0W-HB0,REJECT,WRONG_TYPE,0.997396,0.7893,,,,,,K1Z-FA0,K0W-HB0,13,sent
94,2026-04-13T01:49:22.576511+00:00,1,1,K0W-HB0,REJECT,OUT_OF_POSITION,0.999132,0.8933,,,,,,K0W-HB0,K0W-HB0,13,sent
93,2026-04-13T01:06:44.710217+00:00,LINE-K0W-HB0,1,K0W-HB0,REJECT,OUT_OF_POSITION,0.2,0.8119,,,,,,K0W-HB0,K0W-HB0,13,sent
92,2026-04-13T01:06:29.084011+00:00,LINE-K0W-HB0,1,K0W-HB0,REJECT,OUT_OF_POSITION,0.121224,0.99,,,,,,K0W-HB0,K0W-HB0,13,sent
91,2026-04-13T01:05:51.369309+00:00,LINE-K0W-HB0,1,K0W-HB0,REJECT,OUT_OF_POSITION,1.0,0.677,,,,,,K0W-HB0,K0W-HB0,13,sent
90,2026-04-08T03:27:51.201615+00:00,LINE-FILTER,ST-FILTER,Sample Part,ACCEPT,,,0.2922,,,,,,sample-sticker,sample-sticker,1,local_only
89,2026-04-08T03:27:50.125357+00:00,LINE-A,ST-04,Sample Part,REJECT,WRONG_TYPE,,0.91,,,,,,K0W-HB0,sample-sticker,1,local_only
88,2026-04-08T03:27:50.074371+00:00,LINE-A,ST-03,Sample Part,REJECT,WRONG_TYPE,,0.97,,,,,,K1Z-FA0,sample-sticker,1,local_only
87,2026-04-08T03:27:50.028509+00:00,LINE-B,ST-02,Sample Part,ACCEPT,,0.938056,0.7643,,,,,,sample-sticker,sample-sticker,23,local_only
86,2026-04-08T03:27:49.605960+00:00,LINE-A,ST-01,Sample Part,ACCEPT,,,0.2922,,,,,,sample-sticker,sample-sticker,1,local_only
85,2026-04-08T03:27:49.390409+00:00,LINE-A,ST-01,Sample Part,ACCEPT,,,0.2922,,,,,,sample-sticker,sample-sticker,1,local_only
84,2026-04-08T03:25:56.788271+00:00,LINE-FILTER,ST-FILTER,Sample Part,ACCEPT,,,0.2922,,,,,,sample-sticker,sample-sticker,1,local_only
83,2026-04-08T03:25:55.466527+00:00,LINE-A,ST-04,Sample Part,REJECT,WRONG_TYPE,,0.91,,,,,,K0W-HB0,sample-sticker,1,local_only
82,2026-04-08T03:25:55.415197+00:00,LINE-A,ST-03,Sample Part,REJECT,WRONG_TYPE,,0.97,,,,,,K1Z-FA0,sample-sticker,1,local_only
81,2026-04-08T03:25:55.362022+00:00,LINE-B,ST-02,Sample Part,ACCEPT,,0.938056,0.7643,,,,,,sample-sticker,sample-sticker,20,local_only
80,2026-04-08T03:25:54.702898+00:00,LINE-A,ST-01,Sample Part,ACCEPT,,,0.2922,,,,,,sample-sticker,sample-sticker,1,local_only
79,2026-04-08T03:25:54.599719+00:00,LINE-A,ST-01,Sample Part,ACCEPT,,,0.2922,,,,,,sample-sticker,sample-sticker,1,local_only
78,2026-04-08T03:21:46.118908+00:00,LINE-FILTER,ST-FILTER,Sample Part,ACCEPT,,,0.2922,,,,,,sample-sticker,sample-sticker,1,local_only
77,2026-04-08T03:19:22.590495+00:00,LINE-FILTER,ST-FILTER,Sample Part,ACCEPT,,,0.2922,,,,,,sample-sticker,sample-sticker,1,local_only
76,2026-04-08T03:18:09.142835+00:00,LINE-A,ST-04,Sample Part,REJECT,WRONG_TYPE,,0.91,,,,,,K0W-HB0,sample-sticker,1,local_only
75,2026-04-08T03:18:09.091185+00:00,LINE-A,ST-03,Sample Part,REJECT,WRONG_TYPE,,0.97,,,,,,K1Z-FA0,sample-sticker,1,local_only
74,2026-04-08T03:18:09.049556+00:00,LINE-B,ST-02,Sample Part,ACCEPT,,0.938056,0.7643,,,,,,sample-sticker,sample-sticker,17,local_only
73,2026-04-08T03:18:08.601228+00:00,LINE-A,ST-01,Sample Part,ACCEPT,,,0.2922,,,,,,sample-sticker,sample-sticker,1,local_only
72,2026-04-08T03:18:08.514274+00:00,LINE-A,ST-01,Sample Part,ACCEPT,,,0.2922,,,,,,sample-sticker,sample-sticker,1,local_only
71,2026-04-07T08:34:57.523458+00:00,LINE-FILTER,ST-FILTER,Sample Part,ACCEPT,,,0.2922,,,,,,sample-sticker,sample-sticker,1,local_only
70,2026-04-07T08:34:56.738791+00:00,LINE-A,ST-04,Sample Part,REJECT,WRONG_TYPE,,0.91,,,,,,K0W-HB0,sample-sticker,1,local_only
69,2026-04-07T08:34:56.681174+00:00,LINE-A,ST-03,Sample Part,REJECT,WRONG_TYPE,,0.97,,,,,,K1Z-FA0,sample-sticker,1,local_only
68,2026-04-07T08:34:56.619659+00:00,LINE-B,ST-02,Sample Part,ACCEPT,,0.938056,0.7643,,,,,,sample-sticker,sample-sticker,14,local_only
67,2026-04-07T08:34:56.250540+00:00,LINE-A,ST-01,Sample Part,ACCEPT,,,0.2922,,,,,,sample-sticker,sample-sticker,1,local_only
66,2026-04-07T08:34:56.139217+00:00,LINE-A,ST-01,Sample Part,ACCEPT,,,0.2922,,,,,,sample-sticker,sample-sticker,1,local_only
65,2026-04-07T00:00:00+00:00,LINE-A,ST-01,Part-A,ACCEPT,,0.93,0.81,,,,,,K0W-HB0,K0W-HB0,1,sent
64,2026-04-07T00:10:00+00:00,LINE-A,ST-01,Part-B,ACCEPT,,0.93,0.81,,,,,,K0W-HB0,K0W-HB0,1,sent
63,2026-04-07T00:00:00+00:00,LINE-A,ST-01,Part-A,ACCEPT,,0.93,0.81,,,,,,K0W-HB0,K0W-HB0,1,sent
62,2026-04-07T00:00:00+00:00,LINE-A,ST-01,Part-A,ACCEPT,,0.88,0.66,,,,,,K0W-HB0,K0W-HB0,1,sent
61,2026-04-07T00:00:00+00:00,LINE-A,ST-01,Part-A,ACCEPT,,0.93,0.81,,,,,,K0W-HB0,K0W-HB0,1,sent
60,2026-04-07T00:00:00+00:00,LINE-A,ST-01,Part-A,ACCEPT,,0.93,0.81,,,,,,K0W-HB0,K0W-HB0,1,sent
59,2026-04-07T02:56:11.427406+00:00,LINE-K0W-HB0,1,K0W-HB0,ACCEPT,,1.0,0.8485,,,,,,K0W-HB0,K0W-HB0,13,sent
58,2026-04-07T02:56:02.746169+00:00,LINE-K0W-HB0,1,K0W-HB0,REJECT,WRONG_TYPE,1.0,0.808,,,,,,K2S-H30,K0W-HB0,13,sent
57,2026-04-07T02:55:55.644429+00:00,LINE-K0W-HB0,1,K0W-HB0,REJECT,NOT_FOUND,0.661849,,,,,,,,K0W-HB0,13,sent
56,2026-04-07T02:55:46.692844+00:00,LINE-K0W-HB0,1,K0W-HB0,ACCEPT,,1.0,0.8101,,,,,,K0W-HB0,K0W-HB0,13,sent
55,2026-04-07T02:55:40.518587+00:00,LINE-K0W-HB0,1,K0W-HB0,REJECT,NOT_FOUND,0.114779,,,,,,,,K0W-HB0,13,sent
54,2026-04-07T02:55:18.859003+00:00,LINE-K0W-HB0,1,K0W-HB0,REJECT,NOT_FOUND,0.142839,,,,,,,,K0W-HB0,13,sent
53,2026-04-07T01:25:39.538277+00:00,LINE-K0W-HB0,1,K0W-HB0,REJECT,NOT_FOUND,1.0,,,,,,,,K0W-HB0,13,sent
52,2026-04-07T01:25:21.393463+00:00,LINE-K0W-HB0,1,K0W-HB0,ACCEPT,,1.0,0.6749,,,,,,K0W-HB0,K0W-HB0,13,sent
51,2026-04-07T01:25:20.273466+00:00,LINE-K0W-HB0,1,K0W-HB0,REJECT,NOT_FOUND,1.0,,,,,,,,K0W-HB0,13,sent
50,2026-04-07T01:25:19.283464+00:00,LINE-K0W-HB0,1,K0W-HB0,ACCEPT,,1.0,0.6381,,,,,,K0W-HB0,K0W-HB0,13,sent
49,2026-04-07T01:25:18.273467+00:00,LINE-K0W-HB0,1,K0W-HB0,REJECT,NOT_FOUND,1.0,,,,,,,,K0W-HB0,13,sent
48,2026-04-07T01:25:07.516179+00:00,LINE-K0W-HB0,1,K0W-HB0,ACCEPT,,1.0,0.565,,,,,,K0W-HB0,K0W-HB0,13,sent
47,2026-04-07T01:24:36.606931+00:00,LINE-K0W-HB0,1,K0W-HB0,REJECT,WRONG_TYPE,0.584375,0.8363,,,,,,K2S-H30,K0W-HB0,13,sent
46,2026-04-07T01:24:29.816694+00:00,LINE-K0W-HB0,1,K0W-HB0,REJECT,NOT_FOUND,1.0,,,,,,,,K0W-HB0,13,sent
45,2026-04-07T01:24:17.158486+00:00,LINE-K0W-HB0,1,K0W-HB0,REJECT,WRONG_TYPE,0.99987,0.6898,,,,,,K2S-H30,K0W-HB0,13,sent
44,2026-04-07T01:24:16.169486+00:00,LINE-K0W-HB0,1,K0W-HB0,REJECT,NOT_FOUND,0.99987,,,,,,,,K0W-HB0,13,sent
43,2026-04-07T01:24:08.364430+00:00,LINE-K0W-HB0,1,K0W-HB0,REJECT,WRONG_TYPE,0.99987,0.8178,,,,,,K2S-H30,K0W-HB0,13,sent
42,2026-04-07T01:24:07.374415+00:00,LINE-K0W-HB0,1,K0W-HB0,REJECT,NOT_FOUND,0.999935,,,,,,,,K0W-HB0,13,sent
41,2026-04-07T01:24:05.457772+00:00,LINE-K0W-HB0,1,K0W-HB0,REJECT,WRONG_TYPE,1.0,0.8696,,,,,,K2S-H30,K0W-HB0,13,sent
40,2026-04-07T01:23:57.488533+00:00,LINE-K0W-HB0,1,K0W-HB0,ACCEPT,,1.0,0.7803,,,,,,K0W-HB0,K0W-HB0,13,sent
39,2026-04-07T01:08:01.720102+00:00,LINE-K0W-HB0,1,K0W-HB0,REJECT,WRONG_TYPE,1.0,0.7345,,,,,,K2S-H30,K0W-HB0,13,sent
38,2026-04-07T01:07:59.502105+00:00,LINE-K0W-HB0,1,K0W-HB0,ACCEPT,,1.0,0.7243,,,,,,K0W-HB0,K0W-HB0,13,sent
37,2026-04-07T01:07:54.326062+00:00,LINE-K0W-HB0,1,K0W-HB0,REJECT,WRONG_TYPE,1.0,0.7386,,,,,,K2S-H30,K0W-HB0,13,sent
36,2026-04-07T01:07:49.628044+00:00,LINE-K0W-HB0,1,K0W-HB0,ACCEPT,,1.0,0.6779,,,,,,K0W-HB0,K0W-HB0,13,sent
35,2026-04-07T01:07:43.025242+00:00,LINE-K0W-HB0,1,K0W-HB0,REJECT,WRONG_TYPE,1.0,0.6216,,,,,,K2S-H30,K0W-HB0,13,sent
34,2026-04-07T01:07:42.049239+00:00,LINE-K0W-HB0,1,K0W-HB0,REJECT,NOT_FOUND,1.0,,,,,,,,K0W-HB0,13,sent
33,2026-04-07T01:07:40.123239+00:00,LINE-K0W-HB0,1,K0W-HB0,ACCEPT,,1.0,0.6084,,,,,,K0W-HB0,K0W-HB0,13,sent
32,2026-04-07T01:07:39.125239+00:00,LINE-K0W-HB0,1,K0W-HB0,REJECT,WRONG_TYPE,1.0,0.6633,,,,,,K2S-H30,K0W-HB0,13,sent
31,2026-04-07T01:07:38.130243+00:00,LINE-K0W-HB0,1,K0W-HB0,ACCEPT,,1.0,0.6803,,,,,,K0W-HB0,K0W-HB0,13,sent
30,2026-04-07T01:07:37.176241+00:00,LINE-K0W-HB0,1,K0W-HB0,REJECT,WRONG_TYPE,1.0,0.6508,,,,,,K2S-H30,K0W-HB0,13,sent
29,2026-04-07T01:07:35.231405+00:00,LINE-K0W-HB0,1,K0W-HB0,ACCEPT,,1.0,0.5607,,,,,,K0W-HB0,K0W-HB0,13,sent
28,2026-04-07T01:07:30.525764+00:00,LINE-K0W-HB0,1,K0W-HB0,REJECT,WRONG_TYPE,1.0,0.8616,,,,,,K2S-H30,K0W-HB0,13,sent
27,2026-04-07T01:07:29.569764+00:00,LINE-K0W-HB0,1,K0W-HB0,ACCEPT,,1.0,0.5223,,,,,,K0W-HB0,K0W-HB0,13,sent
26,2026-04-07T01:07:11.618014+00:00,LINE-K0W-HB0,1,K0W-HB0,REJECT,WRONG_TYPE,0.950586,0.8044,,,,,,K2S-H30,K0W-HB0,13,sent
25,2026-04-07T01:07:08.803018+00:00,LINE-K0W-HB0,1,K0W-HB0,REJECT,NOT_FOUND,0.981185,,,,,,,,K0W-HB0,13,sent
24,2026-04-07T01:07:01.286848+00:00,LINE-K0W-HB0,1,K0W-HB0,REJECT,WRONG_TYPE,0.800977,0.8454,,,,,,K2S-H30,K0W-HB0,13,sent
23,2026-04-07T01:06:34.261095+00:00,LINE-K0W-HB0,1,K0W-HB0,REJECT,NOT_FOUND,0.99987,,,,,,,,K0W-HB0,13,sent
22,2026-04-07T01:06:17.264962+00:00,LINE-K0W-HB0,1,K0W-HB0,ACCEPT,,0.999935,0.8148,,,,,,K0W-HB0,K0W-HB0,13,sent
21,2026-04-07T01:06:09.748561+00:00,LINE-K0W-HB0,1,K0W-HB0,REJECT,WRONG_TYPE,1.0,0.8091,,,,,,K2S-H30,K0W-HB0,13,sent
20,2026-04-07T01:05:57.954910+00:00,LINE-K0W-HB0,1,K0W-HB0,ACCEPT,,1.0,0.8323,,,,,,K0W-HB0,K0W-HB0,13,sent
19,2026-04-07T00:26:47.348098+00:00,LINE-K0W-HB0,1,K0W-HB0,REJECT,WRONG_TYPE,1.0,0.8113,,,,,,K2S-H30,K0W-HB0,13,sent
18,2026-04-07T00:08:47.322594+00:00,LINE-K0W-HB0,1,K0W-HB0,REJECT,WRONG_TYPE,1.0,0.8047,,,,,,K2S-H30,K0W-HB0,12,sent
17,2026-04-06T23:40:23.546241+00:00,LINE-K0W-HB0,1,K0W-HB0,REJECT,OUT_OF_POSITION,1.0,0.8464,,,,,,K0W-HB0,K0W-HB0,12,sent
16,2026-04-06T23:39:01.518428+00:00,LINE-K0W-HB0,1,K0W-HB0,REJECT,NOT_FOUND,0.199284,,,,,,,,K0W-HB0,12,sent
15,2026-04-06T23:25:51.685636+00:00,LINE-K0W-HB0,1,K0W-HB0,REJECT,WRONG_TYPE,0.938151,0.7271,,,,,,K2S-H30,K0W-HB0,12,sent
14,2026-04-06T22:58:56.358695+00:00,LINE-K0W-HB0,1,K0W-HB0,REJECT,OUT_OF_POSITION,0.294596,0.7038,,,,,,K0W-HB0,K0W-HB0,12,sent
13,2026-04-06T22:57:49.688572+00:00,LINE-K0W-HB0,1,K0W-HB0,REJECT,NOT_FOUND,0.631185,,,,,,,,K0W-HB0,12,sent
12,2026-04-06T22:56:23.039711+00:00,LINE-K0W-HB0,1,K0W-HB0,REJECT,OUT_OF_POSITION,0.85612,0.5722,,,,,,K0W-HB0,K0W-HB0,12,sent
11,2026-04-06T09:07:37.970156+00:00,LINE-K0W-HB0,1,K0W-HB0,REJECT,NOT_FOUND,0.929362,,,,,,,,K0W-HB0,10,sent
10,2026-04-06T09:06:47.719372+00:00,LINE-K0W-HB0,1,K0W-HB0,REJECT,NOT_FOUND,0.952148,,,,,,,,K0W-HB0,10,sent
9,2026-04-06T08:57:45.099184+00:00,LINE-K0W-HB0,1,K0W-HB0,REJECT,NOT_FOUND,0.890625,,,,,,,,K0W-HB0,8,sent
8,2026-04-06T08:49:02.488683+00:00,LINE-K0W-HB0,1,K0W-HB0,REJECT,NOT_FOUND,0.951172,,,,,,,,K0W-HB0,7,sent
7,2026-04-06T08:39:01.986870+00:00,LINE-K0W-HB0,1,K0W-HB0,REJECT,NOT_FOUND,0.96582,,,,,,,,K0W-HB0,7,sent
6,2026-04-06T08:35:28.548484+00:00,LINE-K0W-HB0,1,K0W-HB0,REJECT,NOT_FOUND,0.875814,,,,,,,,K0W-HB0,5,sent
5,2026-04-06T08:16:17.930190+00:00,LINE-A,1,Sample Part,REJECT,NOT_FOUND,0.858561,,,,,,,,sample-sticker,3,sent
4,2026-04-06T08:16:05.244338+00:00,LINE-A,1,Sample Part,REJECT,NOT_FOUND,0.890869,,,,,,,,sample-sticker,3,sent
3,2026-04-06T06:40:22.895140+00:00,LINE-A,1,Sample Part,REJECT,OUT_OF_POSITION,,0.2193,,,,,,sample-sticker,sample-sticker,1,sent
2,2026-04-06T03:21:40.829789+00:00,1,1,Sample Part,REJECT,OUT_OF_POSITION,,,,,,,,,,1,sent
1,2026-04-06T02:09:40.773977+00:00,1,1,Sample Part,REJECT,OUT_OF_POSITION,,,,,,,,,,1,sent
